Annexure D : List of susbtations and Available Capacity in MW terms,,
S.No,Name of Substation,"Available Capacity as on datein MW terms"
1,400/220 KV SS Shankarapally,450
2,400/220 KV SS Veltoor,355
3,400/220 KV SS Dichipally,143
"",400 kV Total:,948
4,220/132 KV SS Shadnagar,204
5,220/132 KV SS Wanaparthy,171
6,220/132 KV SS Siddipet,95
7,220/132 KV SS Sadasivapet,114
8,220/132 KV SS Minpur,165
9,220/132 KV SS Yeddumailaram,200
10,220/132 KV SS Miryalguda,200
11,220/132 KV SS KM Pally,158
12,220/132 KV SS Bhonigir,113
13,220/132 KV SS Waddekothapally,143
14,220/132 KV SS Jagityal,95
15,220/132 KV SS Nirmal,134
16,220/132 KV SS Mandamarri,48
17,220/132 KV SS Bhimgal,134
18,220/132 KV SS Kamareddy,134
19,220/132 KV SS Miyapur,86
20,220/132 KV SS Fab City,71
21,220/132 KV SS Shapur Nagar,209
22,220/132 KV SS Shamshabad,111
23,220/132 KV SS Medchal,254
"",220 kV Total:,2837
"",,
S.No,Name of the Substation,"Available Capacity as on datein MW terms"
Ranga Reddy District,,
1,132/33 KV SS Takkalapally,8
2,33 KV Mall,8
3,33/11 KV SS Mall,
4,33/11 KV SS Nallavelly,
5,33KV Medipallly,8
6,33/11 KV SS Medipallly,
7,33/11 KV SS Bodakonda,
8,132/33 KV SS Turkayanjal,32
9,33 KV Peddamberpet,15
10,33/11 KV SS Hayathnagar Amangal,
11,33/11 KV SS Peddamberpet,
12,33 KV Mangalpally,15
13,33/11 KV SS Mangalpally,
14,132/33 KV SS Dharmsgar,28
15,Aloor,15
16,33/11 KV SS Aloor,
17,33/11 KV SS Devuneravelly,
18,33/11 KV SS chenvelly,
19,33/11 KV SS Kowkuntla,
20,Chevella,15
21,33/11 KV SS Chevella,
22,Moinabad,15
23,33/11 KV SS Moinabad,
24,33/11 KV SS kethi reddypally,
25,33/11 KV SS Reddy pally,
26,Parveda,15
27,33/11 KV SS Parveda,
28,Shabad,15
29,33/11 KV SS Shabad,
30,33/11 KV SS Chndhanvally,
31,33/11 KV SS Tallapally,
32,33/11 KV SS Bobilgaon,
33,33/11 KV SS Antharam,
34,132/33 KV SS Tandur,42
35,Basheerabad,15
36,33/11 KV SS Basheerabad,
37,33/11 KV SS Yalal,
38,33/11 KV SS Laxminarayanpur,
39,33/11 KV SS Dowlapur,
40,33/11 KV SS Navalga,
41,Bomrajpet,15
42,33/11 KV SS Nagaram,
43,33/11 KV SS Bomrajpet(Mahabubnagar dist),
44,33/11 KV SS Bagaipally,
45,Gowthapur,15
46,33/11 KV SS Gowthapur,
47,Karankote,15
48,33/11 KV SS Karankote,
49,33/11 KV SS Kotbaspally,
50,Peddamul,8
51,33/11 KV SS Peddamul,
52,33/11 KV SS Kotepally,
53,33/11 KV SS Barwada,
54,33/11 KV SS Nagasamundar,
55,Tandur,15
56,33/11 KV SS Tandur,
57,33/11 KV SS Old Tandur,
58,Turmamidi,15
59,33/11 KV SS Turmamidi,
60,33/11 KV SS Indoor,
61,33/11 KV SS Bantaram,
62,33/11 KV SS Tattepally,
63,Vikarabad,15
64,33/11 KV SS Vikarabad,
65,33/11 KV SS Dharur,
66,33/11 KV SS Mambapur,
67,132/33 KV SS Medchal,57
68,Aliabad,15
69,33/11 KV SS ICICI,
70,33/11 KV SS Turkapally,
71,33/11 KV SS Aliabad,
72,33/11 KV SS Medicity,
73,Athivelly.,15
74,33/11 KV SS Athiwelly,
75,33/11 KV SS Yellempet,
76,B.Madaram.,15
77,33/11 KV SS Bandamadaram,
78,33/11 KV SS Nuthalkal,
79,33/11 KV SS Gowdawelly,
80,Deveryamjal,15
81,33/11 KV SS Deveryamjal,
82,GP Pally,15
83,33/11 KV SS GP Pally,
84,33/11 KV SS Dulapally,
85,Kandlakoya,15
86,33/11 KV SS Kandlakoya,
87,Keshavaram,15
88,33/11 KV SS Keshavaram,
89,33/11 KV SS Laxmapur,
90,33/11 KV SS Kolthur,
91,33/11 KV SS Uddamarry,
92,Medchal,10
93,33/11 KV SS Medchal,
94,33/11 KV SS Kistapur,
95,33/11 KV SS Ravalkole,
Ranga Reddy District Total:,167,
"",,
MEDAK DISTRICT,,
96,132/33 KV SS Medak,48
97,B Bhoopathipur,15
98,33/11 KV SS Thogita,
99,33/11 KV SS Sardhana,
100,33/11 KV SS B.B.Pur,
101,33/11 KV SS Wadi,
102,Medak Town,15
103,33/11 KV SS Medak,
104,NSF,13
105,33/11 KV SS Pillikotyal,
106,33/11 KV SS NSF,
107,33/11 KV SS Rajpally,
108,Ramayampet,15
109,33/11 KV SS Nagapur,
110,33/11 KV SS Pathur,
111,33/11 KV SS M.B.Pur,
112,Shankarampet,15
113,33/11 KV SS Shalipet,
114,33/11 KV SS Gavvalapally,
115,33/11 KV SS Ch.Shankarampet,
116,132/33 KV SS Tunki Bollaram,16
117,Tunki Bollaram,15
118,33/11 KV SSThunkikalsa,
119,33/11 KV SSThunki bollaram,
120,33/11 KV SS Kokkonda,
121,132/33 KV SS Kandi,33
122,BDL,15
123,33/11 KV SS Nandigama,
124,Bharath Strips,15
125,33/11 KV SS Cheryal,
126,HFC,15
127,33/11 KV SS Turakalakhanapur,
128,33/11 KV SS Gundlamachunur,
129,Isnapur,15
130,33/11 KV SS Rudraram,
131,Sangareddy I,15
132,33/11 KV SS Sangareddy No.I,
133,33/11 KV SS Sangareddy No.II,
134,33/11 KV SS Fasalwadi,
135,Sangareddy II,15
136,33/11 KV SS Collector Complex,
137,33/11 KV SS IK Pet,
138,33/11 KV SS Malkapur,
139,33/11 KV SS Gollapally,
140,132/33 KV SS Gummadidala,39
141,Bonthapally,15
142,33/11 KV SS Bonthapally,
143,33/11 KV SS Solkpally,
144,33/11 KV SS Jinnaram,
145,DundigaI,15
146,33/11 KV SS DundigaI,
147,Gummadidala,15
148,33/11 KV SS Gummadidala,
149,33/11 KV SS Kanukunta,
150,33/11 KV SS Nallavally,
151,132/33 KV SS Thukkapur,33
152,Dommat,15
153,33/11 KV SS Dommat,
154,33/11 KV SS Mubaraspur,
155,33/11 KV SS Doulthabad,
156,33/11 KV SS Mohd.Shapur,
157,Lingapur,15
158,33/11 KV SS Lingapur,
159,33/11 KV SS Thoguta,
160,33/11 KV SS Pallepahad,
161,33/11 KV SS Raipole,
162,Mirdoddy,15
163,33/11 KV SS Mirdoddy,
164,33/11 KV SS Pedda Chepyala,
165,33/11 KV SS Kondapur,
166,Thukkapur,14
167,33/11 KV SS Mettu,
168,33/11 KV SS Tadakapally,
169,33/11 KV SS Gudikandula,
170,33/11 KV SS Thukkapur,
171,132/33 KV SS Chegunta,23
172,Bonala,15
173,33/11 KV SS Narlapur,
174,33/11 KV SS Kalwakunta,
175,33/11 KV SS Bonala,
176,Chegutna,15
177,33/11 KV SS Masaipet,
178,33/11 KV SS Chandaipet,
179,Narsingi,10
180,33/11 KV SS D.Dharmaram,
181,33/11 KV SS Narsingi,
182,Yeldurthy,15
183,33/11 KV SS Ramaipally,
184,33/11 KV SS Suraram,
185,33/11 KV SS Yeldurthy,
186,132/33 KV SS Habsipur,2
187,Chittapur,2
188,33/11 KV SS Akberpet,
189,33/11 KV SS Chittapur,
190,33/11 KV SS Pothareddypet,
191,Dubbak,2
192,33/11 KV SS Dubbak,
193,33/11 KV SS Gambeerpur,
194,33/11 KV SS Pedda Cheekode,
195,33/11 KV SS Chellapur,
196,Khajipur,2
197,33/11 KV SS Habsipur,
198,33/11 KV SS Jangapally,
199,33/11 KV SS Khajipur,
200,33/11 KV SS Rudraram,
201,Ragothampally,2
202,33/11 KV SS Raghothampally,
203,33/11 KV SS Dharmajipet,
204,132/33 KV SS Narsapur,24
205,Avancha,9
206,33/11 KV SS Avancha,
207,33/11 KV SS Hathnoora,
208,33/11 KV SS Waddepally,
209,33/11 KV SS Nastipur,
210,Kothapet,15
211,33/11 KV SS Lingapur,
212,Narsapur,15
213,33/11 KV SS Narsapur,
214,33/11 KV SS Kagazmaddur,
215,Reddy pally,15
216,33/11 KV SS Reddypally,
217,33/11 KV SS Chippalthurthy,
218,33/11 KV SS Siripura,
219,132/33 KV SS Pedda Shankarampet,5
220,Burugupally,5
221,33/11 KV SS Ramojipally,
222,33/11 KV SS Yellupet,
223,33/11 KV SS Bodagattu,
224,33/11 KV SS Burugupally,
225,Shankarampet,5
226,33/11 KV SS Shankarampet,
227,Regode,5
228,33/11 KV SS Regode,
229,33/11 KV SS Gajawada,
230,132/33 KV SS Manoharabad,34
231,kallakal,15
232,33/11 KV SS Kallakal,
233,Manoharabad,15
234,33/11 KV SS Manoharabad,
235,Masaipet,15
236,33/11 KV SS Ch. Gowraram,
237,33/11 KV SS Islampur,
238,Shivampet,10
239,33/11 KV SS Shivampet,
240,33/11 KV SS Sikindlapur,
241,33/11 KV SS CG Mukla,
242,33/11 KV SS Panbanda,
243,Toopran,15
244,33/11 KV SS Toopran,
245,33/11 KV SS Imamapur,
246,33/11 KV SS Danthanpally,
247,132/33 KV SS RC Puram,16.00
248,Ambuja,15
249,33/11 KV SS Patancheru Town,
250,AP Foils,15
251,33/11 KV SS Kollur,
252,Ashok Nagar,15
253,33/11 KV SS Ashoknagar,
254,33/11 KV SS Kistareddypet,
255,Chandanagar,15
256,33/11 KV SS Ashoknagar,
257,Giridher Ispat,15
258,33/11 KV SS MIG (,
259,Manjeera,15
260,33/11 KV SS Patancheru Town,
261,132/33 KV SS Singoor,5
262,Muddaipet,5
263,33/11 KV SS Muddaipet,
264,33/11 KV SS Sulthanpur,
265,33/11 KV SS Kodur,
266,33/11 KV SS Shivampet,
267,33/11 KV SS Mudimanik,
268,Peddareddypet,5
269,33/11 KV SS Peddareddypet,
270,132/33 KV SS Gajwel,36
271,Ahmedpur,15
272,33/11 KV SS Gurralasofa,
273,33/11 KV SS Ramsagar,
274,33/11 KV SS Ahmedipur,
275,33/11 KV SS Begampet,
276,33/11 KV SS Nemtoor,
277,Gajwel,15
278,33/11 KV SS Gajwel,
279,Gowraram,10
280,33/11 KV SS Advimajidpally,
281,33/11 KV SS Karkapatla,
282,33/11 KV SS Markook,
283,33/11 KV SS Wargal,
284,33/11 KV SS Gowraram,
285,Jagadevpur,15
286,33/11 KV SS Chatlapally,
287,33/11 KV SS Wardharajpur,
288,33/11 KV SS Munigadapa,
289,Mulugu,15
290,33/11 KV SS Mulugu,
291,33/11 KV SS Wantimamidi,
292,Pregnapur,13
293,33/11 KV SS Kodakandla,
294,33/11 KV SS Pregnapur,
295,132/33 KV SS Bollaram,39
296,"Bollaram I, III,IV",15
297,33/11 KV SS Bollaram No.I,
298,Bollaram II,15
299,33/11 KV SS Bollaram No.II,
300,ITC,15
301,33/11 KV SS Bollaram No.III,
Medak District Total:,351,
"",,
MAHABUBNAGAR DISTRICT,,
302,132/33 KV SS Kothur,62
303,Kothur,15
304,33/11 KV SS Kothur,
305,Sangem,15
306,33/11 KV SS Sangem,
307,33/11 KV SS Inmulnarva,
308,33/11 KV SS Kothapet,
309,33/11 KV SS Ippalapally,
310,Thimmapur,15
311,33/11 KV SS Thimmapur,
312,132/33 KV SS Makthal,8
313,Gudaballore,8
314,33/11 KV SS Gudeballore,
315,33/11 KV SS Kolpur,
316,33/11 KV SS Maganoor,
317,33/11 KV SS Krishna,
318,Jaklair(Marikal),8
319,33/11 KV SS Jaklair,
320,33/11 KV SS Bijwar,
321,Makthal,8
322,33/11 KV SS Makthal,
323,Narva,8
324,33/11 KV SS Narva,
325,33/11 KV SS Manthangode,
326,Pasupula,8
327,33/11 KV SS Pasupula,
328,33/11 KV SS Mushtipally,
329,132/33 KV SS Nagarkurnool,19
330,Bijinepally,15
331,33/11 KV SS Bijnapally,
332,33/11 KV SS Manganoor,
333,33/11 KV SS Waddeman,
334,Manthati,15
335,33/11 KV SS Manthati,
336,33/11 KV SS Kollapur X Roads,
337,33/11 KV SS Peddamudunoor,
338,33/11 KV SS Tadoor,
339,33/11 KV SS Yangampally,
340,Nagarkurnool,15
341,33/11 KV SS Nagarkurnool,
342,33/11 KV SS Ithole,
343,33/11 KV SS Kummera,
344,Rakonda(Telkapally),15
345,33/11 KV SS Telkapally,
346,33/11 KV SS Tallapally,
347,33/11 KV SS Rakonda,
348,33/11 KV SS Peddur,
349,33/11 KV SS Peddapur,
350,132/33 KV SS Maddur,9
351,Damaragidda,9
352,33/11 KV SS Damaragidda,
353,Kankurthy,9
354,33/11 KV SS Kankurthy,
355,33/11 KV SS Mogalmadka,
356,33/11 KV SS Balampet,
357,Kothapally,9
358,33/11 KV SS Kothapally,
359,33/11 KV SS Serivenkatapur,
360,33/11 KV SS Vepur,
361,33/11 KV SS Gundmal,
362,Maddur,9
363,33/11 KV SS Maddur,
364,33/11 KV SS Pallerla,
365,132/33 KV SS Alampur,13
366,Alampur X,13
367,33/11 KV SS Alampur,
368,Alampur,13
369,33/11 KV SS Alampur,
370,Shanthinagar,13
371,33/11 KV SS Shanthinagar,
372,33/11 KV SS Ramapuram,
373,33/11 KV SS Chagapur,
374,33/11 KV SS Rajoli,
375,33/11 KV SS P.T.Pad,
376,Undavelly,13
377,33/11 KV SS Undavelly,
378,33/11 KV SS Jallapur,
379,132/33 KV SS Achampet,25
380,Achampet,15
381,33/11 KV SS Achampet,
382,33/11 KV SS Kondareddypally,
383,Amrabad,15
384,33/11 KV SS Amrabad,
385,33/11 KV SS Vankeshwaram,
386,33/11 KV SS Munnanoor,
387,33/11 KV SS Hajipur,
388,33/11 KV SS Nadimpally,
389,Lingal,15
390,33/11 KV SS Lingal,
391,33/11 KV SS Kondanagula,
392,33/11 KV SS Ambatpally,
393,SLBC,15
394,33/11 KV SS Mannewaripally,
395,33/11 KV SS Inole,
396,Uppununthala,15
397,33/11 KV SS Uppununthala,
398,33/11 KV SS Veltoor,
399,132/33 KV SS Mahabubnagar,45
400,Bhoothpur,14
401,33/11 KV SS Boothpur,
402,33/11 KV SS Janampet,
403,33/11 KV SS Annasagar,
404,Ghanapur,15
405,33/11 KV SS Ghanpur,
406,33/11 KV SS Kothamolgara,
407,33/11 KV SS Kamaluddinpur,
408,33/11 KV SS Christianpally,
409,Jadcherla,13
410,33/11 KV SS Jadcherla,
411,33/11 KV SS Malleboinpally,
412,33/11 KV SS Thimmajipet,
413,33/11 KV SS Koduparthy,
414,33/11 KV SS Wattem,
415,Kodoor,15
416,33/11 KV SS Kodur,
417,33/11 KV SS Machanpally,
418,Kourampet,15
419,33/11 KV SS Edira,
420,33/11 KV SS SVS,
421,Mahabubnagar(T),15
422,33/11 KV SS SLC Mills,
423,33/11 KV SS OldPowerHouse,
424,Nawabpet,10
425,33/11 KV SS Nawabpet,
426,33/11 KV SS Kothacheru Road,
427,33/11 KV SS Karkonda,
428,33/11 KV SS Teegalpally,
429,33/11 KV SS Pomal,
430,Parpally,15
431,33/11 KV SS Hanwada,
432,33/11 KV SS Parpally,
433,33/11 KV SS Tankara,
434,33/11 KV SS Abangapatnam,
435,132/33 KV SS Gadwal,17
436,Oil Seeds,15
437,33/11 KV SS Veerapur,
438,33/11 KV SS Beechupally,
439,33/11 KV SS Kodandapur,
440,Alwalpad,15
441,33/11 KV SS Alwalpad,
442,33/11 KV SS Venkatapur,
443,33/11 KV SS Nandinne,
444,33/11 KV SS Marlabeedu,
445,Amarchintha,15
446,33/11 KV SS Atmakur,
447,33/11 KV SS Amarchintha,
448,33/11 KV SS Peddakadmoor,
449,33/11 KV SS Mastipur,
450,Dharoor,15
451,33/11 KV SS Dharoor,
452,33/11 KV SS Dyagadoddi,
453,Gadwal,14
454,33/11 KV SS Gadwal old,
455,33/11 KV SS Gadwal New,
456,Maldakal,15
457,33/11 KV SS Maldakal,
458,33/11 KV SS Mallamdoddi,
459,33/11 KV SS Budidapad,
460,33/11 KV SS Bijjaram,
461,33/11 KV SS Nagardoddy,
462,132/33 KV Ghanapur,15
463,132/33 KV SS Kosgi,15
464,Suraipally,15
465,33/11 KV SS Doultabad,
466,33/11 KV SS Suraipally,
467,33/11 KV SS Balampet,
Mahabubnagar District Total:,227,
"",,
NALGONDA DISTRICT,,
468,132/33 KV SS Nalgonda,47
469,Ch.Mamidi,15
470,33/11 KV SS Appajipet,
471,33/11 KV SS Cheekatimamidi,
472,Gudapur,10
473,33/11 KV SS P.D.pally,
474,33/11 KV SS Narsingbatla,
475,33/11 KV SS Gudapur,
476,Kanagal(N),15
477,33/11 KV SS Pole Centre,
478,Kattangur,13
479,33/11 KV SS Panagal,
480,33/11 KV SS Kattangur,
481,Nakrekal(N),15
482,33/11 KV SS Pajjur,
483,Nalgonda Rural,15
484,33/11 KV SS Mamillagudem(NlgR),
485,Narketpally(N),15
486,33/11 KV SS Seetharampuram,
487,33/11 KV SS Pamangundla,
488,Rayanaguda,15
489,33/11 KV SS Gollaguda,
490,33/11 KV SS Rajupet,
491,33/11 KV SS Rayanguda,
492,33/11 KV SS Nalgonda Indoor,
493,33/11 KV SS Kesharajpally,
494,Velugupally,15
495,33/11 KV SS M.D.Pally(SLBC),
496,33/11 KV SS Velugupally,
497,33/11 KV SS Mushampally,
498,132/33 KV SS Kodad,27
499,Akupamula,12
500,33/11 KV SS Bethavolu,
501,33/11 KV SS Munagala,
502,33/11 KV SS Akupamula,
503,33/11 KV SS Nadigudem,
504,Ananthagiri,15
505,33/11 KV SS Ananthagiri,
506,33/11 KV SS Siripuram,
507,Kodad,15
508,33/11 KV SS Kodad,
509,33/11 KV SS Kodad Indoor,
510,33/11 KV SS N.B.Gudem,
511,33/11 KV SS Gondriayala,
512,132/33 KV SS Suryapet,60
513,Chandupatla,15
514,33/11 KV SS Sirikonda,
515,33/11 KV SS Mamillagudem(H),
516,33/11 KV SS Ravipad,
517,33/11 KV SS B.Chandupatla,
518,33/11 KV SS Bibigudem,
519,HPCL,15
520,33/11 KV SS Penpahad,
521,33/11 KV SS Kasarabad,
522,33/11 KV SS Suryapet(IE),
523,Kethepally,7
524,33/11 KV SS Kethepally,
525,33/11 KV SS Koppole(K),
526,33/11 KV SS Tekumatla,
527,Nuthanakl,14
528,33/11 KV SS Yepur,
529,33/11 KV SS Athmakur (S),
530,33/11 KV SS Nuthankal,
531,33/11 KV SS Kudakuda,
532,Penpahad,13
533,33/11 KV SS Repala,
534,33/11 KV SS G.Thirumalgiri,
535,33/11 KV SS Cheedella,
536,S.V.College,15
537,33/11 KV SS Suryapet(IE),
538,Suryapet,15
539,33/11 KV SS Suryapet,
540,Yerkaram,10
541,33/11 KV SS Kandagatla,
542,33/11 KV SS Kodur,
543,33/11 KV SS Yerkaram,
544,132/33 KV SS Ramannapet,45
545,Aroor,15
546,33/11 KV SS Laxmapur,
547,33/11 KV SS Arroor,
548,33/11 KV SS Puligilla,
549,Chityala,12
550,33/11 KV SS Narketpally IE,
551,33/11 KV SS Chityala,
552,33/11 KV SS Nerada,
553,33/11 KV SS Urumadla,
554,Ramannapet,15
555,33/11 KV SS Ramannapet,
556,Valigonda,15
557,33/11 KV SS Voligonda,
558,33/11 KV SS Golanpally,
559,33/11 KV SS Tekulasomaram,
560,Veliminedu,15
561,33/11 KV SS Veliminedu,
562,33/11 KV SS Yellanki,
563,33/11 KV SS Aregudem,
564,33/11 KV SS Gundrampally,
565,Yennaram,15
566,33/11 KV SS Yennaram,
567,33/11 KV SS Iskilla,
568,132/33 KV SS Mattampally,25
569,DCL(M),15
570,33/11 KV SS Mattapally,
571,Huzurnagar (Mt),10
572,33/11 KV SS Huzurnagar,
573,33/11 KV SS Amaravaram,
574,33/11 KV SS Y.Singaram,
575,Mattamaplly,15
576,33/11 KV SS Mattampally,
577,NCL,15
578,33/11 KV SS Pedaveedu,
579,Raghunadhapalem,15
580,33/11 KV SS Raghunathapalem,
581,33/11 KV SS Bheelyanaikthanda,
582,Suvarna,15
583,33/11 KV SS Mellacheruvu,
584,132/33 KV SS Sh.Gouraram,39
585,Addagudur,15
586,33/11 KV SS Addagudur,
587,33/11 KV SS Azeempet,
588,Akaram,15
589,33/11 KV SS Akaram,
590,Akkenapally,15
591,33/11 KV SS Akkenapally,
592,33/11 KV SS Biravunibanda,
593,Arvapally,15
594,33/11 KV SS Nagaram,
595,33/11 KV SS Wangamarthy,
596,33/11 KV SS Arvapally,
597,Nakrekal,15
598,33/11 KV SS Arlagaddagudem,
599,33/11 KV SS Marror,
600,33/11 KV SS Ch.Annaram,
601,S.Gowraram,15
602,33/11 KV SS Sh.Gowraram,
603,132/33 KV SS Thungathurty,28
604,Phanigiri,15
605,33/11 KV SS T.Thirumalagiri,
606,33/11 KV SS Gundepuri,
607,33/11 KV SS Phangiri,
608,Ravulapally,15
609,33/11 KV SS Ravulapally,
610,ReddyGudem,13
611,33/11 KV SS Dirsenapally,
612,33/11 KV SS Reddigudem,
613,33/11 KV SS Annaram(T),
614,33/11 KV SS Mukundapuram,
615,Thungaturthy,15
616,33/11 KV SS Thungathurthy,
617,132/33 KV SS Mothkur,3
618,Mothkur,3
619,33/11 KV SS Gundala,
620,33/11 KV SS Mothkur,
621,33/11 KV SS Peddapadishala,
622,Paladugu,3
623,33/11 KV SS Athmakur(M),
624,33/11 KV SS Pallerla,
625,33/11 KV SS Paladugu,
626,132/33 KV SS Choutuppal,22
627,Choutuapapl,14
628,33/11 KV SS Choutuppal,
629,33/11 KV SS D.Nagaram,
630,Narayanpur,15
631,33/11 KV SS Narayanpur,
632,33/11 KV SS Janagoan,
633,33/11 KV SS Survail,
634,Verkatpaly(D.Nagaram),8
635,33/11 KV SS Jublakpally,
636,33/11 KV SS Varketpally,
637,132/33 KV SS Kanagal,16
638,G.Yedavelly,15
639,33/11 KV SS G.Yadavally,
640,33/11 KV SS Pagidimarri,
641,Kanagal(K),15
642,33/11 KV SS Kanagal,
643,33/11 KV SS Gurrampodu,
644,33/11 KV SS Pochampally,
645,Koppole,15
646,33/11 KV SS Koppole(G),
647,Thimmanagudem,15
648,33/11 KV SS Thimmannagudem,
649,33/11 KV SS Thoragal,
650,33/11 KV SS Turkapally,
651,132/33 KV SS Alair (Kolanpaka ),28
652,Alair,15
653,33/11 KV SS Alair,
654,Motakondur,15
655,33/11 KV SS Motakondur,
656,33/11 KV SS Chamapur,
657,33/11 KV SS Chada,
658,Raghunathpur,15
659,33/11 KV SS N.G.Bandalu,
660,33/11 KV SS Raghunadhpur,
661,Rajapet,10
662,33/11 KV SS Rajapet,
663,33/11 KV SS Bondugula,
664,33/11 KV SS Pamukunta,
665,Sharajipet,15
666,33/11 KV SS Sharajpet,
667,33/11 KV SS Patelgudem,
668,33/11 KV SS Golankonda,
669,Suddala,9
670,33/11 KV SS Suddala,
671,33/11 KV SS Ambala,
672,33/11 KV SS Velmajala,
673,Y.Gutta,15
674,33/11 KV SS Y.Gutta,
675,33/11 KV SS Pedakandukur,
676,132/33 KV SS Guntipally,23
677,Padmatpally,15
678,33/11 KV SS Padmatpally,
679,33/11 KV SS Singarajpally,
680,132/33 KV SS Aitipamula,23
681,Aitipamula,15
682,33/11 KV SS Aitipamula,
683,Nakrekal A,15
684,33/11 KV SS Nakrekal,
685,33/11 KV SS Palem,
686,132/33 KV SS K.M.Pally,43
687,Angadipet,15
688,33/11 KV SS Angadipet,
689,33/11 KV SS Ghanapur,
690,33/11 KV SS Dugyala,
691,Chandampet,15
692,33/11 KV SS Chandampet,
693,33/11 KV SS Teldeverapally,
694,33/11 KV SS Cherkupally,
695,33/11 KV SS Yerraram,
696,Chinthapally,9
697,33/11 KV SS Chintapally,
698,33/11 KV SS Takkallalpally,
699,33/11 KV SS Teeded,
700,Deverakonda,15
701,33/11 KV SS Deverakonda,
702,33/11 KV SS Mudigonda,
703,K.M.Pally,8
704,33/11 KV SS Junuthala,
705,33/11 KV SS K.M.Pally,
706,33/11 KV SS Palvai,
707,33/11 KV SS Chepur,
708,Nampally,13.5
709,33/11 KV SS Nampally,
710,33/11 KV SS Mellavai,
711,SLBC,15
712,33/11 KV SS Kothapally,
713,33/11 KV SS Puttangandi,
714,33/11 KV SS Azmapur,
715,132/33 KV SS Bibinagar,38
716,B.P.Pally,12
717,33/11 KV SS B.P.Pally,
718,33/11 KV SS Juloor,
719,33/11 KV SS Venkiryala,
720,33/11 KV SS Malkapur,
721,B.Ramaram,15
722,33/11 KV SS Kondamadugu,
723,33/11 KV SS Nemargomula,
724,Bhongir(bb),15
725,33/11 KV SS Chandupatla,
726,33/11 KV SS Nandanam,
727,Bibinagar,15
728,33/11 KV SS Bibinagar,
729,Bollepally,11
730,33/11 KV SS Bollepally,
731,33/11 KV SS Pedaravulapally,
732,33/11 KV SS Gurraladandi,
733,132/33 KV SS Miryalguda,54
734,Gaddipally,15
735,33/11 KV SS Avanthipuram,
736,33/11 KV SS Kothagudem,
737,33/11 KV SS Utlapally,
738,33/11 KV SS Nunavath Thanda,
739,Haliya(M),15
740,33/11 KV SS B. Annaram,
741,33/11 KV SS Thimmapur,
742,33/11 KV SS Tripuraram,
743,33/11 KV SS Matoor,
744,33/11 KV SS Thummdam,
745,Huzurnagar (My),14
746,33/11 KV SS Gaddipally,
747,33/11 KV SS Mukundapuram,
748,Kannekal,15
749,33/11 KV SS Kannekal,
750,33/11 KV SS Mupparam,
751,33/11 KV SS Guntipally,
752,33/11 KV SS Kamareddygudem,
753,Miryalaguda,15
754,33/11 KV SS Miryalguda,
755,33/11 KV SS V.K.PALEM,
756,33/11 KV SS Vemulapally,
757,33/11 KV SS Settipalem,
758,33/11 KV SS Miryalguda FCI,
759,132/33 KV SS Dirsincherla,13
760,Dirsincherla,13
761,33/11 KV SS Diersencherla,
762,Garidepally,13
763,33/11 KV SS Kitavarigudem,
764,33/11 KV SS Garidepally,
765,33/11 KV SS Ponugode,
766,Kalmalchervu,13
767,33/11 KV SS KalmalaChervu,
768,Palakeedu,13
769,33/11 KV SS Palakeedu,
770,33/11 KV SS Alingapuram,
771,132/33 KV SS Haliya,10
772,Haliya(H),10
773,33/11 KV SS Halia,
774,33/11 KV SS Pulimamidi,
775,33/11 KV SS Nidamanoor,
776,Peddavoora,10
777,33/11 KV SS Peddavoora,
778,33/11 KV SS Pottichelma,
779,33/11 KV SS Pulicharla,
780,33/11 KV SS Nellikal,
781,33/11 KV SS Velmagudem,
782,Rajavaram,10
783,33/11 KV SS Yacharam,
784,33/11 KV SS Rajavaram,
785,132/33 KV SS Madugulapally,10
786,Agamothkur,10
787,33/11 KV SS Thipparthy,
788,33/11 KV SS Mamidala,
789,33/11 KV SS Aga Mothkur,
790,33/11 KV SS Cherukupally,
791,33/11 KV SS Chervupally,
792,Madugulapally,10
793,33/11 KV SS Madgulapally,
794,Thadakamalla,10
795,33/11 KV SS Thadakamalla,
796,33/11 KV SS Laxmidevigudem,
797,33/11 KV SS Seethya thanda,
"",Nalgonda district total:,553
"",,
TSNPDCL,,
WARANGAL DISTRICT,,
"",,
798,132/33 KV SS Narsampet,23
799,Kothaguda,15
800,33/11 KV SS Gangaram,
801,33/11 KV SS Kothaguda,
802,33/11 KV SS Mangalavaripet,
803,33/11 KV SS Sadireddypally,
804,Nallabelly,15
805,33/11 KV SS Dasaripally,
806,33/11 KV SS Medapally,
807,33/11 KV SS Nallabelly,
808,Narsampet,15
809,33/11 KV SS Maheshwaram,
810,33/11 KV SS Narsampet,
811,Rekhampally,15
812,33/11 KV SS Duggondi,
813,33/11 KV SS Keshavapur,
814,33/11 KV SS Rekhampally,
815,132/33 KV SS Janagaon,23
816,Adavikeshavapur,15
817,33/11 KV SS Obulakeshapur,
818,33/11 KV SS Adavukeshapur,
819,Jangaon,15
820,33/11 KV SS Jangaon-I,
821,33/11 KV SS Jangaon-II,
822,Marigadi,15
823,33/11 KV SS Marigadi,
824,Pembarthy,15
825,33/11 KV SS Jeedikal,
826,33/11 KV SS Lingala Ghanpur,
827,33/11 KV SS Nellutla,
828,33/11 KV SS Pemberthy,
829,132/33 KV SS Peddanagaram,15
830,Munigalaveedu,15
831,33/11 KV SS Kousalyadevipally,
832,33/11 KV SS Kommulavancha,
833,33/11 KV SS Munigalaveedu,
834,Peddanagaram,15
835,33/11 KV SS Pedda Nagaram,
836,Reponi,15
837,33/11 KV SS Danthalapally,
838,33/11 KV SS Peddamupparam,
839,33/11 KV SS Reponi,
840,Yellampet,15
841,33/11 KV SS Yellampet,
842,132/33 KV SS Mulugu,23
843,Mallampally,15
844,33/11 KV SS Abbapur,
845,33/11 KV SS Ramchandrapur,
846,33/11 KV SS Rangapur,
847,33/11 KV SS Mallampally,
848,Mulugu,15
849,33/11 KV SS Gorikothapally,
850,33/11 KV SS Mulugu,
851,33/11 KV SS Koppula,
852,Pasra,15
853,33/11 KV SS Govindraopet,
854,33/11 KV SS Venkatapur,
855,33/11 KV SS Kasimdevipeta,
856,33/11 KV SS Medaram,
857,33/11 KV SS Pasra,
858,Velthurlapally,15
859,33/11 KV SS Laxmidevipeta,
860,33/11 KV SS Peddapur,
861,33/11 KV SS Velthurlapally,
862,132/33 KV SS Waddekothapally,46
863,Chennur,15
864,33/11 KV SS Chennur,
865,Danthalapally,15
866,33/11 KV SS Chinnanagaram,
867,33/11 KV SS Haripirala,
868,33/11 KV SS Nellikuduru,
869,33/11 KV SS Ramanujapur,
870,Devaruppula,15
871,33/11 KV SS Devaruppula,
872,33/11 KV SS Dharmapuram,
873,33/11 KV SS Kadavendi,
874,33/11 KV SS Kodakandla,
875,33/11 KV SS Singarjpally,
876,Thorrur,15
877,33/11 KV SS Chinnavangara,
878,33/11 KV SS Khanapur,
879,33/11 KV SS Thorrur,
880,Vavilala,15
881,33/11 KV SS Erranty,
882,33/11 KV SS Kondapur,
883,33/11 KV SS Vavilala,
884,33/11 KV SS Palakurthy,
885,33/11 KV SS Pochampally,
886,Waddekothapally,13
887,33/11 KV SS Mondrai,
888,33/11 KV SS Weddekothapally,
889,132/33 KV SS Chityal,15
890,Chityal,15
891,33/11 KV SS Chityal,
892,33/11 KV SS Rangapur,
893,33/11 KV SS Giddemutharam,
894,Ramakistapur,15
895,33/11 KV SS Ramakistapur,
896,33/11 KV SS Tekumatla,
897,132/33 KV SS Mustyal,12
898,Bachannapet,12
899,33/11 KV SS Bachannapet,
900,33/11 KV SS Laxmapur 'X' road,
901,33/11 KV SS Padamati Keshavapur,
902,33/11 KV SS Ramchandrapuram,
903,Dhoolmitta,12
904,33/11 KV SS Akunoor,
905,33/11 KV SS Chityal,
906,33/11 KV SS Bekkal,
907,33/11 KV SS Dhoolmitta,
908,33/11 KV SS Mustyal,
909,Komuravelly,12
910,33/11 KV SS Guruvannapet,
911,33/11 KV SS Komuravelly,
912,33/11 KV SS Nagapuri,
913,Tharigoppula,12
914,33/11 KV SS Ankushapur,
915,33/11 KV SS Gagillapur,
916,33/11 KV SS Rebarthy,
917,33/11 KV SS Tharigoppula,
918,33/11 KV SS Veldanda,
919,132/33 KV SS Ayyagaripally,46
920,Amangal,15
921,33/11 KV SS Amangal,
922,33/11 KV SS Chinnaguduru,
923,33/11 KV SS Inugurthy,
924,33/11 KV SS Kalwala,
925,33/11 KV SS Shanigapuram,
926,Ayyagaripally,13
927,33/11 KV SS Ayyagaripally,
928,Mahabubabad-I,15
929,33/11 KV SS Dornakal,
930,33/11 KV SS Gundrathimadugu,
931,33/11 KV SS Jamandlapally,
932,33/11 KV SS Mahabubabad,
933,Mahabubabad-II,15
934,33/11 KV SS Bodhugonda,
935,33/11 KV SS Mogilicherla,
936,33/11 KV SS Nerada,
937,Maripeda,15
938,33/11 KV SS Edjerla,
939,33/11 KV SS Giripuram,
940,33/11 KV SS Maripeda,
941,Perumandlasankeesa,15
942,33/11 KV SS Gollacherla,
943,33/11 KV SS Mannegudem,
944,33/11 KV SS Perumandla Sankeesa,
945,33/11 KV SS Upparagudem,
946,132/33 KV SS Geesugonda,30
947,Geesugonda,15
948,33/11 KV SS Gesugonda,
949,33/11 KV SS Gorrekunta,
950,Machapur,15
951,33/11 KV SS Elkurthy,
952,33/11 KV SS Machapur,
953,33/11 KV SS Mondrai,
954,132/33 KV SS Waddepally,30
955,Nakkalagutta,15
956,33/11 KV SS Nakkalagutta,
957,Dharmasagar,15
958,33/11 KV SS Dharmasagar,
959,33/11 KV SS Jayagiri,
960,33/11 KV SS Mallikudurla,
961,33/11 KV SS Narayanagiri,
962,33/11 KV SS Velair,
963,KUC,15
964,33/11 KV SS Gopalpur,
965,33/11 KV SS KUC,
966,Madikonda,15
967,33/11 KV SS Madikonda,
968,33/11 KV SS Rampur,
969,33/11 KV SS Somidi,
970,33/11 KV SS Tekulagudem,
971,33/11 KV SS West city (Somidi),
972,REC,15
973,33/11 KV SS NGO's colony (Waddepally),
974,33/11 KV SS REC,
975,132/33 KV SS Raghunathpally,30
976,Quilashapur,15
977,33/11 KV SS Gabbeta,
978,33/11 KV SS Mekalagattu,
979,33/11 KV SS Narmetta,
980,33/11 KV SS Quilashapur,
981,Raghunathpally,15
982,33/11 KV SS Raghunathpally,
983,Singarajpally,15
984,33/11 KV SS Koilkonda,
985,33/11 KV SS Kundaram,
986,33/11 KV SS Pedda Thanda,
987,33/11 KV SS Wadicherla,
"",Warangal district total:,293
"",,
NIZAMABAD DISTRICT,,
988,132/33 KV SS Nizamabad,54
989,Bardipoor,15
990,33/11 KV SS Kanjar,
991,33/11 KV SS Bardipoor,
992,Gutpa,15
993,33/11 KV SS Amrad,
994,33/11 KV SS Mamidipally,
995,33/11 KV SS Madanpally,
996,33/11 KV SS Dasnagar,
997,Mudakpally,15
998,33/11 KV SS Mudakpally,
999,33/11 KV SS Manchippa,
1000,33/11 KV SS Thanakurd,
1001,33/11 KV SS Badsi,
1002,Navipet,15
1003,33/11 KV SS Mallaram,
1004,33/11 KV SS Kothapet,
1005,33/11 KV SS Khanapur Rly Gate,
1006,33/11 KV SS Palda,
1007,33/11 KV SS Malkapur(A),
1008,Nizamabad-I,15
1009,33/11 KV SS PHC/Nizamabad,
1010,33/11 KV SS Dubba/NZB,
1011,33/11 KV SS Mirchi Compound,
1012,Nizamabad-II,15
1013,33/11 KV SS Tilakgarden/NZB,
1014,33/11 KV SS Vinayaknagar/ NZB,
1015,Nizamabad-III,15
1016,33/11 KV SS Subashnagar,
1017,33/11 KV SS Gupanpally,
1018,33/11 KV SS Mubaraknagar,
1019,33/11 KV SS New HB Colony,
1020,33/11 KV SS Kaloor,
1021,Sarangapoor,15
1022,33/11 KV SS Sarangapur,
1023,33/11 KV SS Thanakalan,
1024,33/11 KV SS Arsapally,
1025,132/33 KV SS Nandipet,19
1026,Chikli,15
1027,33/11 KV SS Chikli,
1028,33/11 KV SS Nizampur,
1029,Makloor,15
1030,33/11 KV SS Velmal,
1031,33/11 KV SS Makloor,
1032,33/11 KV SS Gottimukkula,
1033,Nandipet,15
1034,33/11 KV SS Nandipet,
1035,33/11 KV SS Vannel-K,
1036,33/11 KV SS Kalledi,
1037,Noothpally,15
1038,33/11 KV SS Donkeshwar,
1039,33/11 KV SS Noothpally,
1040,33/11 KV SS Thondakur,
1041,Talveda,15
1042,33/11 KV SS Talveda,
1043,33/11 KV SS Badguna,
1044,132/33 KV SS Kamareddy,29
1045,Gandhari,15
1046,33/11 KV SS Brahmanpally,
1047,33/11 KV SS Gandhari,
1048,33/11 KV SS Sarvapoor,
1049,Kamareddy-I,15
1050,33/11 KV SS Kamareddy - I,
1051,Kamareddy-II,15
1052,33/11 KV SS Kamareddy - II,
1053,33/11 KV SS Velpugonda,
1054,33/11 KV SS Issaipet,
1055,33/11 KV SS Arepally,
1056,33/11 KV SS Bhavanipet-M,
1057,Kondapoor,14
1058,33/11 KV SS Chinnamallareddy,
1059,33/11 KV SS Lingapur,
1060,33/11 KV SS Kamareddy(H B)-III,
1061,33/11 KV SS Rajampet,
1062,Posanipet,15
1063,33/11 KV SS Posanipet,
1064,S.S.Nagar,15
1065,33/11 KV SS Utnoor,
1066,33/11 KV SS Adloor Yellareddy,
1067,33/11 KV SS Padmajiwadi,
1068,33/11 KV SS Sadasivnagar,
1069,Tadwai,15
1070,33/11 KV SS Thadwai,
1071,33/11 KV SS Kondapoor,
1072,33/11 KV SS Aragonda,
1073,33/11 KV SS Yerrapahad,
1074,132/33 KV SS Domakonda,25
1075,Bhiknoor,10
1076,33/11 KV SS Narsannapally,
1077,33/11 KV SS Talamadla,
1078,33/11 KV SS Thippapur,
1079,33/11 KV SS Jangampally,
1080,33/11 KV SS Laxmidevpally,
1081,Bibipet,15
1082,33/11 KV SS Mohommadapur,
1083,33/11 KV SS Bibipet,
1084,33/11 KV SS Janagaon,
1085,33/11 KV SS Issanagar,
1086,33/11 KV SS Tujalpoor,
1087,Chukkapur,15
1088,33/11 KV SS Chukkapur,
1089,33/11 KV SS Fareedpet,
1090,Domakonda,15
1091,33/11 KV SS Domakonda,
1092,Kyasampally,14
1093,33/11 KV SS Muthyampet,
1094,33/11 KV SS Kyasampally,
1095,132/33 KV SS Lingampet,23
1096,Bhavanipet,15
1097,33/11 KV SS Gandimasanipet,
1098,33/11 KV SS Bhavanipet-L,
1099,Lingampet,15
1100,33/11 KV SS Lingampet,
1101,33/11 KV SS Mothe,
1102,Ramlaxmanpally,15
1103,33/11 KV SS Ramlaxmanpally,
1104,33/11 KV SS Bhanapoor,
1105,S.S.Reddy,15
1106,33/11 KV SS Malthummeda,
1107,33/11 KV SS S.S.Reddy,
1108,33/11 KV SS Parmalla,
1109,33/11 KV SS Khannapur,
1110,132/33 KV SS Banswada,23
1111,Banswada,15
1112,33/11 KV SS Banswada,
1113,Birkur,15
1114,33/11 KV SS Birkur,
1115,33/11 KV SS Mirzapur,
1116,Konapur,15
1117,33/11 KV SS Konapur,
1118,33/11 KV SS Ibrahimpet,
1119,Maddelacheru,15
1120,33/11 KV SS Damarancha,
1121,33/11 KV SS Shanthapoor,
1122,33/11 KV SS Maddelacheru,
1123,33/11 KV SS Chillarigi,
1124,132/33 KV SS Reddypet,15
1125,Annaram,15
1126,33/11 KV SS Annaram,
1127,33/11 KV SS Yellampet,
1128,33/11 KV SS Somavarpet,
1129,33/11 KV SS Lachapet,
1130,Ramareddy,15
1131,33/11 KV SS Adloor,
1132,33/11 KV SS Shabdipur,
1133,33/11 KV SS Ramareddy,
1134,33/11 KV SS Reddypet,
1135,132/33 KV SS Bhiknoor,14
1136,Bhiknoor,14
1137,33/11 KV SS Bhiknoor,
1138,33/11 KV SS Basvapoor,
1139,Peddamallareddy,14
1140,33/11 KV SS Peddamallareddy,
1141,33/11 KV SS Kachapoor,
1142,33/11 KV SS Issannapally,
1143,132/33 KV SS Padmajiwadi,23
1144,Padmajiwadi,15
1145,33/11 KV SS Padmajiwadi,
1146,33/11 KV SS Sadashivanagar,
1147,33/11 KV SS Utnoor,
1148,132/33 KV SS Sirikonda,23
1149,Gadkole,15
1150,33/11 KV SS Gadkole,
1151,33/11 KV SS Thumpally,
1152,33/11 KV SS Honnajipet,
1153,Nyavanandi,15
1154,33/11 KV SS Nyavanandi,
1155,Pedda Valgote,15
1156,33/11 KV SS Kondoor,
1157,33/11 KV SS Pedda Walgote,
1158,Sirikonda,15
1159,33/11 KV SS Chimanpally,
1160,33/11 KV SS Sirikonda,
1161,132/33 KV SS Renjal,23
1162,Bodhan,15
1163,33/11 KV SS Yedapaly,
1164,33/11 KV SS A.R.P.Camp,
1165,33/11 KV SS Mangalpahad,
1166,Ch.Mavandi,15
1167,33/11 KV SS Pegadapally,
1168,33/11 KV SS Saloora,
1169,33/11 KV SS Ch.Mavandi,
1170,Degoan,15
1171,33/11 KV SS Aloor,
1172,33/11 KV SS Degaon,
1173,33/11 KV SS Manthani,
1174,33/11 KV SS Macharla,
1175,Navipet,15
1176,33/11 KV SS Navipet,
1177,33/11 KV SS Rampoor,
1178,33/11 KV SS Dandigutta,
1179,Neela,15
1180,33/11 KV SS Kosli,
1181,33/11 KV SS Yemcha,
1182,33/11 KV SS Neela,
1183,33/11 KV SS Tadbiloli,
1184,Rampoor,15
1185,33/11 KV SS Rampoor,
1186,132/33 KV SS Bheemgal,39
1187,Bheemgal,15
1188,33/11 KV SS Bheemgal,
1189,Gongopula,15
1190,33/11 KV SS Gongopula,
1191,33/11 KV SS Dubbaka,
1192,Jakranpally,15
1193,33/11 KV SS Jakranpally,
1194,33/11 KV SS Kaligote,
1195,33/11 KV SS Thorlikonda,
1196,33/11 KV SS Kolipak,
1197,33/11 KV SS Chengal,
1198,33/11 KV SS Janakampet,
1199,Kammarpally,15
1200,33/11 KV SS Kupkal,
1201,33/11 KV SS Ramannapet,
1202,33/11 KV SS Sunket,
1203,Konasamunder,15
1204,33/11 KV SS Thallapally,
1205,33/11 KV SS Mendora,
1206,33/11 KV SS Konasamunder,
1207,33/11 KV SS Pallikonda,
1208,Pachalanadukuda,15
1209,33/11 KV SS P.Nadukuda,
1210,33/11 KV SS Bada Bheemgal,
1211,Sirikonda,15
1212,33/11 KV SS Muchkur,
1213,132/33 KV SS Armoor,23
1214,Armoor,15
1215,33/11 KV SS Armoor,
1216,Munipally,15
1217,33/11 KV SS Ankapur,
1218,33/11 KV SS Issapally,
1219,33/11 KV SS Munipally,
1220,Perkit,15
1221,33/11 KV SS Perkit,
1222,33/11 KV SS Govindpet,
1223,33/11 KV SS Fathepur,
1224,33/11 KV SS Lakkora,
1225,Pipri,15
1226,33/11 KV SS Pipri,
1227,33/11 KV SS Komanpally,
1228,33/11 KV SS Maggidi,
1229,132/33 KV SS Bichkunda.,15
1230,Bichkunda,15
1231,33/11 KV SS Bichkunda,
1232,Jukkal,15
1233,33/11 KV SS Peddakodapgal,
1234,33/11 KV SS Jukkal,
1235,33/11 KV SS Kemrajkallali,
1236,33/11 KV SS Somur,
1237,Maddelacheru,15
1238,33/11 KV SS Pulkal,
1239,33/11 KV SS Kathgoan,
1240,33/11 KV SS Thadkole,
1241,Madnoor,15
1242,33/11 KV SS Madnoor,
1243,33/11 KV SS Menoor,
1244,33/11 KV SS Dongli,
1245,132/33 KV SS Pochampad,30
1246,Balkonda,15
1247,33/11 KV SS Balkonda,
1248,33/11 KV SS Vannel - B,
1249,33/11 KV SS Jalalpur,
1250,33/11 KV SS Padkal,
1251,33/11 KV SS Padgal,
1252,Mupkal,15
1253,33/11 KV SS Chittapoor,
1254,33/11 KV SS Kothapally,
1255,33/11 KV SS Pochampad,
1256,33/11 KV SS Mupkal,
1257,Renjarla,15
1258,33/11 KV SS Renjarla,
1259,33/11 KV SS Mendora,
1260,33/11 KV SS Shetpally,
1261,Yergatla,15
1262,33/11 KV SS Velgatur,
1263,33/11 KV SS Yergatla,
1264,33/11 KV SS Tallarampur,
1265,33/11 KV SS Thadpakal,
1266,132/33 KV SS Nizamsagar,7
1267,Maqdumpur,7
1268,33/11 KV SS Maqdumpur,
1269,Nagireddypet,7
1270,33/11 KV SS Azamabad,
1271,33/11 KV SS Athmakur,
1272,33/11 KV SS Achaipally,
1273,33/11 KV SS Nagireddypet,
1274,Nizamsagar,7
1275,33/11 KV SS Achampet,
1276,33/11 KV SS Mallur,
1277,33/11 KV SS Nizamsagar,
1278,Pitlam,7
1279,33/11 KV SS Chinnakodapgal,
1280,33/11 KV SS Pitlam,
1281,33/11 KV SS Thimmanagar,
1282,Yellareddy,7
1283,33/11 KV SS Mathmal,
1284,33/11 KV SS Yellareddy,
1285,132/33 KV SS Morthad,23
1286,Anksapur,15
1287,33/11 KV SS Kuknoor,
1288,33/11 KV SS Anksapur,
1289,33/11 KV SS Donkal,
1290,Kammarpally,15
1291,33/11 KV SS Kammarpally,
1292,33/11 KV SS Basheerabad,
1293,Kathlapoor,15
1294,33/11 KV SS Manala,
1295,Morthad,15
1296,33/11 KV SS Morthad,
1297,33/11 KV SS Palem,
1298,Thimmapur,15
1299,33/11 KV SS Thimmapur,
1300,33/11 KV SS Uploor,
1301,Velpur,15
1302,33/11 KV SS Velpur,
1303,33/11 KV SS Mothe,
"",Nizamabad district total:,407
"",,
KARIMNAGAR DISTRICT,,
1304,132/33 KV SS Karimnagar,39
1305,Bagathnagar,15
1306,33/11 KV SS Bhagathnagar,
1307,33/11 KV SS Ujjwalapark,
1308,Boinpalli,15
1309,33/11 KV SS Boinpally,
1310,33/11 KV SS Achamapally,
1311,Choppadandi,15
1312,33/11 KV SS Choppadandi,
1313,33/11 KV SS Gundi,
1314,33/11 KV SS Chityalapally,
1315,33/11 KV SS Rukmapur,
1316,Dharmaram,15
1317,33/11 KV SS Nagunur,
1318,33/11 KV SS Arnakonda,
1319,Gangadhara,15
1320,33/11 KV SS Gangadhara,
1321,33/11 KV SS Kothapally,
1322,33/11 KV SS Rudraram,
1323,33/11 KV SS Rekurthy,
1324,33/11 KV SS Shanagar,
1325,Padmanagar,15
1326,33/11 KV SS Padmanagar,
1327,Thotapally,15
1328,33/11 KV SS Asifnagar,
1329,Vavilaalapalli,15
1330,33/11 KV SS Vavilalapalli,
1331,Water Works,15
1332,33/11 KV SS Water works,
1333,33/11 KV SS Amedkarnagar,
1334,33/11 KV SS Tower Circle,
1335,132/33 KV SS Jagithyal,39
1336,Gollapally,15
1337,33/11 KV SS Gollapally,
1338,33/11 KV SS Laxmipur,
1339,33/11 KV SS Mallannapet,
1340,Jagityal,15
1341,33/11 KV SS Jagitial,
1342,33/11 KV SS Vidyanagar,
1343,33/11 KV SS Mothey,
1344,33/11 KV SS Jagitial Housing Board,
1345,Mallial,15
1346,33/11 KV SS Mallial,
1347,33/11 KV SS Pegadapally,
1348,33/11 KV SS TR Nagar,
1349,Raikal,15
1350,33/11 KV SS Raikal,
1351,33/11 KV SS Voddelingapur,
1352,33/11 KV SS Allipoor,
1353,33/11 KV SS Itikyal,
1354,33/11 KV SS Katlakunta,
1355,33/11 KV SS Veerapur,
1356,Sarangapur,15
1357,33/11 KV SS Sarangapur,
1358,33/11 KV SS kalleda,
1359,33/11 KV SS Polasa,
1360,33/11 KV SS Rechapally,
1361,Water Works,15
1362,33/11 KV SS Venkatapur,
1363,"33/11 KV SS Water works, Jagitial",
1364,33/11 KV SS Medipally,
1365,33/11 KV SS Venkatraopet,
1366,33/11 KV SS Medipally (W),
1367,33/11 KV SS Chelgal,
1368,33/11 KV SS Rangapur,
1369,132/33 KV SS Kataram,15
1370,Kataram,15
1371,33/11 KV SS Kataram,
1372,Mahadevpur,15
1373,33/11 KV SS Mahadevpur,
1374,33/11 KV SS Mahamutharam,
1375,33/11 KV SS Kaleshwaram,
1376,33/11 KV SS Peddampet,
1377,Mahamutharam,15
1378,33/11 KV SS Mutharam,
1379,Vallamkunta,15
1380,33/11 KV SS Gangaram,
1381,33/11 KV SS Vallamkunta,
1382,33/11 KV SS Thadicherla,
1383,33/11 KV SS Danwada,
1384,132/33 KV SS Durshed,31
1385,Algunur,15
1386,33/11 KV SS Alugunoor,
1387,Ambedkarnagar,15
1388,33/11 KV SS Muqdumpur,
1389,33/11 KV SS Bommakal,
1390,33/11 KV SS Cherlabuthkur,
1391,Elbaka,15
1392,33/11 KV SS Elbaka,
1393,Renigunta,15
1394,33/11 KV SS Nallagonda,
1395,33/11 KV SS Renikunta,
1396,33/11 KV SS Nustulapur,
1397,132/33 KV SS Siricilla,43
1398,Avunur,15
1399,33/11 KV SS Avunur,
1400,33/11 KV SS Kondapur,
1401,Mallaram,15
1402,33/11 KV SS Nampally,
1403,33/11 KV SS Rudravaram,
1404,33/11 KV SS Venkatraopally,
1405,33/11 KV SS Suddala,
1406,Nerela,15
1407,33/11 KV SS Nerella,
1408,33/11 KV SS Ramchandrapur,
1409,Rallapeta,15
1410,33/11 KV SS Namapur,
1411,33/11 KV SS Rallapet,
1412,33/11 KV SS Therlamaddi,
1413,33/11 KV SS Pothugal,
1414,Rudravaram,15
1415,33/11 KV SS Nizamabad,
1416,33/11 KV SS Bonala,
1417,33/11 KV SS Marthannapet,
1418,Sircilla,15
1419,33/11 KV SS Sircilla,
1420,33/11 KV SS Water works (Peddur),
1421,Textilepark,15
1422,33/11 KV SS Shivanagar,
1423,33/11 KV SS Textile Park,
1424,33/11 KV SS Thangallapelly,
1425,132/33 KV SS Husnabad,30
1426,B.D. Pally,15
1427,33/11 KV SS Potharam (S),
1428,Chigurumamidi,15
1429,33/11 KV SS Bheemdevarapally,
1430,33/11 KV SS Chigurumamidi,
1431,33/11 KV SS Indurthy,
1432,33/11 KV SS Rekonda,
1433,33/11 KV SS Mulkanoor,
1434,Husnabad,15
1435,33/11 KV SS Husnabad,
1436,Katkur,15
1437,33/11 KV SS Katkur,
1438,33/11 KV SS Kothakonda,
1439,Thotapally,15
1440,33/11 KV SS Gandipally,
1441,33/11 KV SS Thotapally,
1442,33/11 KV SS Gouravelly,
1443,132/33 KV SS Suglampally,13
1444,Kanukula,13
1445,33/11 KV SS Kanukula,
1446,33/11 KV SS Chinnabonkur,
1447,33/11 KV SS Odela,
1448,33/11 KV SS Kanagarthy,
1449,Katnepally,11
1450,33/11 KV SS Eligedu,
1451,33/11 KV SS Julapally,
1452,33/11 KV SS Kachapur,
1453,33/11 KV SS Lokapet,
1454,33/11 KV SS Vedurugatta,
1455,Peddapally,13
1456,33/11 KV SS Narayanpur,
1457,33/11 KV SS Palithem,
1458,33/11 KV SS Rangampally,
1459,33/11 KV SS Bompally,
1460,33/11 KV SS Peddapally,
1461,Sulthanbad,15
1462,33/11 KV SS Katnaelly,
1463,33/11 KV SS Garrepally,
1464,33/11 KV SS Sultanabad,
1465,132/33 KV SS Mallaram,23
1466,Mallaram,15
1467,33/11 KV SS Mallaram,
1468,Marrigadda,15
1469,33/11 KV SS Marrigadda,
1470,33/11 KV SS Marripally,
1471,33/11 KV SS Rudrangi,
1472,33/11 KV SS Sanugula,
1473,Nimmapally,15
1474,33/11 KV SS Nimmapally,
1475,33/11 KV SS Baosaipet,
1476,Vemulavada,15
1477,33/11 KV SS Vemulawada,
1478,132/33 KV SS Dharmapuri,15
1479,Dharmapuri,15
1480,33/11 KV SS Dharmapuri,
1481,Kalleda,15
1482,33/11 KV SS Sirikonda,
1483,Kolval,15
1484,33/11 KV SS Kolwai,
1485,33/11 KV SS Jaina,
1486,33/11 KV SS Donur,
1487,33/11 KV SS Mangela,
1488,Velgatur,15
1489,33/11 KV SS Stambampally,
1490,33/11 KV SS Velgatoor,
1491,33/11 KV SS Paidipally,
1492,132/33 KV SS Kamalapur (Karimnagar),23
1493,Kamalapur,15
1494,33/11 KV SS Kamalapur,
1495,Marriapallygudem,15
1496,33/11 KV SS Marripallygudem,
1497,33/11 KV SS Guniparthy,
1498,Thimmapur,15
1499,33/11 KV SS Thimmapur,
1500,132/33 KV SS Huzurabad,23
1501,Amudalapally,15
1502,33/11 KV SS Thadikal,
1503,33/11 KV SS Amdulapally,
1504,33/11 KV SS Kothagattu,
1505,33/11 KV SS Kannapur,
1506,Huzurabad,15
1507,33/11 KV SS Huzurabad,
1508,33/11 KV SS Kandugula,
1509,33/11 KV SS Uppal,
1510,Kothulanaduma,15
1511,33/11 KV SS Dandepally,
1512,33/11 KV SS Elkahturthy,
1513,33/11 KV SS Kothulanaduma,
1514,33/11 KV SS Peddapapaiahpally,
1515,Saidapur,15
1516,33/11 KV SS Saidapur,
1517,33/11 KV SS Godishala,
1518,132/33 KV SS Pudur,23
1519,Gangadhara,15
1520,33/11 KV SS Burugupally,
1521,Mallial,15
1522,33/11 KV SS Bathikepally,
1523,33/11 KV SS Thatipally,
1524,Pudur,15
1525,33/11 KV SS Malkapur,
1526,33/11 KV SS Pudur,
1527,33/11 KV SS Vattemla,
1528,33/11 KV SS Chekkapally,
1529,Thirumalapur,15
1530,33/11 KV SS Thirumalapur,
1531,33/11 KV SS Maddutla,
1532,33/11 KV SS Kodimyal,
1533,132/33 KV SS Yellareddy Pet,19
1534,Gambiraopet,15
1535,33/11 KV SS Gambhiraopet,
1536,33/11 KV SS Gajasingaram,
1537,33/11 KV SS Kothapally (Cess),
1538,33/11 KV SS Lingannapet,
1539,Veernapally,15
1540,33/11 KV SS Veernapally,
1541,33/11 KV SS Garjanapally,
1542,33/11 KV SS Rajannapet,
1543,Yellreddypet,15
1544,33/11 KV SS Yellareddypet,
1545,132/33 KV SS Manakondur,10
1546,Kondapalkala,10
1547,33/11 KV SS Chenjerla,
1548,33/11 KV SS Kondapalkala,
1549,33/11 KV SS Gattududdenapally,
1550,Manakondur,10
1551,33/11 KV SS Manakondur,
1552,Veldi,10
1553,33/11 KV SS Veldhi,
1554,33/11 KV SS Pochampally,
1555,132/33 KV SS Dharmaram,23
1556,Dharamaram,15
1557,33/11 KV SS Chilvakodur,
1558,33/11 KV SS Kothur,
1559,33/11 KV SS Yellapur,
1560,Gollakouta,15
1561,33/11 KV SS Gullakota,
1562,Maredpally,15
1563,33/11 KV SS Maredpally,
1564,33/11 KV SS Kilavanaparthy,
1565,33/11 KV SS Basanthnagar,
1566,Velgatur,15
1567,33/11 KV SS Stambampally,
1568,33/11 KV SS Velgatoor,
1569,33/11 KV SS Paidipally,
1570,132/33 KV SS Shanigaram,15
1571,Bejjanki,15
1572,33/11 KV SS Thotapally,
1573,33/11 KV SS Begumpet,
1574,33/11 KV SS Bejjanki,
1575,Koheda,15
1576,33/11 KV SS Samudrala,
1577,33/11 KV SS Koheda,
1578,Ramchandrapur,15
1579,33/11 KV SS Ramchandrapur,
1580,Sanigaram,15
1581,33/11 KV SS Shanigaram,
1582,132/33 KV SS Godhur,18
1583,Godur,15
1584,33/11 KV SS Godur,
1585,33/11 KV SS Yamapur,
1586,Ibrahimpatnam,15
1587,33/11 KV SS Ibrahimpatnam,
1588,33/11 KV SS Varshakonda,
1589,Mallapur,10
1590,33/11 KV SS Mallapur,
1591,33/11 KV SS New Dharmarajpally,
1592,33/11 KV SS Mogilipet,
1593,33/11 KV SS Raghavapet,
1594,33/11 KV SS VV Rao Pet,
1595,132/33 KV SS Manthini,23
1596,Gopalpur,15
1597,33/11 KV SS Gopalpur,
1598,33/11 KV SS Venkatapur,
1599,33/11 KV SS Koyyur,
1600,33/11 KV SS Eklaspur,
1601,Kamanpur,15
1602,33/11 KV SS Kamanpur,
1603,33/11 KV SS Begumpet,
1604,33/11 KV SS Allur,
1605,33/11 KV SS Rompikunta,
1606,33/11 KV SS Kalwacherla,
1607,33/11 KV SS Ramayyapally,
1608,33/11 KV SS Lakkaram,
1609,Manthani,15
1610,33/11 KV SS Manthani,
1611,33/11 KV SS Gunjapadugu,
1612,33/11 KV SS Mustyala,
1613,132/33 KV SS Korutla,39
1614,Dharmaram,15
1615,33/11 KV SS Dharmaram,
1616,33/11 KV SS Ailapur,
1617,33/11 KV SS Paidimadugu,
1618,Jaggasagar,15
1619,33/11 KV SS Atmakur,
1620,33/11 KV SS Jaggasagar,
1621,33/11 KV SS Peddapur,
1622,33/11 KV SS Konaraopet,
1623,33/11 KV SS Vellulla,
1624,Kathlapur,15
1625,33/11 KV SS Kathalapur,
1626,33/11 KV SS Ambaripet,
1627,33/11 KV SS Bhushanraopet,
1628,33/11 KV SS Thandrial,
1629,Korutla,15
1630,33/11 KV SS Korutla,
1631,33/11 KV SS Korutla Town,
1632,Mannegudem,15
1633,33/11 KV SS Mannegudem,
1634,33/11 KV SS Yakeenpur,
1635,33/11 KV SS Bommena,
1636,33/11 KV SS Govidaram,
1637,Metpally,15
1638,33/11 KV SS Metpelly,
1639,33/11 KV SS Vempet,
1640,132/33 KV SS Mulkanoor,30
1641,Bheemdeverapally,15
1642,33/11 KV SS Potharam (S),
1643,Koppur,15
1644,33/11 KV SS Koppur,
1645,Vangara,15
1646,33/11 KV SS Vangara,
1647,132/33 KV SS Kalvasrirampur,15
1648,Kalvasrirampur,15
1649,33/11 KV SS Srirampur,
1650,Mirjampet,15
1651,33/11 KV SS Gudem,
1652,33/11 KV SS Mirzampet,
1653,Muttaram,15
1654,33/11 KV SS Mutharam,
1655,33/11 KV SS Adavisrampur,
1656,Pegadapally,15
1657,33/11 KV SS Pegadapally,
1658,33/11 KV SS Pothkapally,
1659,33/11 KV SS Kolanur,
1660,33/11 KV SS Pandilla,
"",Karimnagar total:,509
"",,
KHAMMAM DISTRICT,,
1661,132/33 KV SS Khammam,62
1662,Bhuranpuram,15
1663,33/11 KV SS Bhuranpuram,
1664,33/11 KV SS Dhanavaigudem,
1665,33/11 KV SS N.S.P,
1666,33/11 KV SS Govt. Hospital,
1667,Khanapuram,15
1668,33/11 KV SS Khanapuram,
1669,33/11 KV SS PrakashNagar,
1670,33/11 KV SS Damsalapuram,
1671,Kothalingala,15
1672,33/11 KV SS K.Lingala,
1673,33/11 KV SS Mucherla,
1674,33/11 KV SS R.N.Palem,
1675,33/11 KV SS Ponnekal,
1676,Manchukonda,15
1677,33/11 KV SS IDA,
1678,33/11 KV SS Gubbagurthi,
1679,33/11 KV SS Manchukonda,
1680,33/11 KV SS Pangidi,
1681,Mudigonda,13
1682,33/11 KV SS Mudigonda,
1683,33/11 KV SS Laxmipuram,
1684,33/11 KV SS Nagulavancha,
1685,Pallegudem,15
1686,33/11 KV SS Pallegudem,
1687,33/11 KV SS Theerthala,
1688,Patehrlapadu,10
1689,33/11 KV SS Patehrlapadu,
1690,33/11 KV SS Sublaid,
1691,33/11 KV SS Tippareddygudem,
1692,33/11 KV SS Wgl. X Road,
1693,Peddagopathy,15
1694,33/11 KV SS Peddagopathi,
1695,33/11 KV SS V.V.Palem,
1696,33/11 KV SS Chintakani,
1697,T.R.Palem,15
1698,33/11 KV SS T.R.Palem,
1699,33/11 KV SS Arempula,
1700,Thallada,15
1701,33/11 KV SS Konijerla,
1702,33/11 KV SS Wyra,
1703,33/11 KV SS Garikapadu,
1704,X Road Feeder,15
1705,33/11 KV SS Yld X Road,
1706,132/33 KV SS Madhira,15
1707,Bonakal,15
1708,33/11 KV SS Bonakal,
1709,33/11 KV SS Siripuram,
1710,Madhira,15
1711,33/11 KV SS Madhira,
1712,Yerrupalem,15
1713,33/11 KV SS Yerrupalem,
1714,33/11 KV SS KI Padu,
1715,33/11 KV SS Mamnoor,
1716,33/11 KV SS Mulugmadu,
1717,132/33 KV SS Yellandhu,23
1718,Kothapeta,15
1719,33/11 KV SS Garla,
1720,33/11 KV SS Kothapeta,
1721,33/11 KV SS Challasamudram,
1722,33/11 KV SS Bayyaram,
1723,Mamakannu,15
1724,33/11 KV SS Mamakannu,
1725,33/11 KV SS Komararam,
1726,Tekulapally,15
1727,33/11 KV SS Tekulapally,
1728,Yellandhu,15
1729,33/11 KV SS Yellandu,
1730,33/11 KV SS Karepally,
1731,33/11 KV SS Cheemalapadu,
1732,132/33 KV SS Bhadrachalam,23
1733,Bhadrachalam,15
1734,33/11 KV SS Bhadrachalam,
1735,33/11 KV SS Purushothapatnam,
1736,Burgampadu,15
1737,33/11 KV SS Sarapaka,
1738,Cherla,15
1739,33/11 KV SS Dharmaram,
1740,33/11 KV SS Dummugudem,
1741,33/11 KV SS S.N.Puram,
1742,33/11 KV SS Cherla,
1743,33/11 KV SS Venkatapuram,
1744,33/11 KV SS Wazeedu,
1745,Kunavaram,15
1746,33/11 KV SS Kunavaram,
1747,33/11 KV SS Nellipaka,
1748,33/11 KV SS Chinthuru,
1749,33/11 KV SS Sarivella,
1750,132/33 KV SS Penubally,18
1751,Chandrugonda,15
1752,33/11 KV SS Gowraram,
1753,Kalluru,15
1754,33/11 KV SS Kalluru,
1755,33/11 KV SS Brahamalakunta,
1756,33/11 KV SS Kurnavally,
1757,33/11 KV SS Peddakorukondi,
1758,33/11 KV SS Enkuru,
1759,33/11 KV SS Timmaraopeta,
1760,33/11 KV SS Tallada,
1761,Penubally,15
1762,33/11 KV SS Penubally,
1763,33/11 KV SS Marlakunta,
1764,Sathuapally,15
1765,33/11 KV SS Vemsoor,
1766,33/11 KV SS Guduru,
1767,33/11 KV SS Rayudupalem,
1768,33/11 KV SS Kandukuru,
1769,33/11 KV SS S.S. Palem,
1770,132/33 KV SS Seetharam Patnam,26
1771,Burgampadu,15
1772,33/11 KV SS J.N.Puram,
1773,33/11 KV SS MP Banjara,
1774,33/11 KV SS Br.Padu,
1775,33/11 KV SS Kukkunuru,
1776,33/11 KV SS Velairpadu,
1777,Kothagudem,15
1778,33/11 KV SS LD Pally,
1779,33/11 KV SS Seetharampatnam,
1780,Kothagudem,15
1781,33/11 KV SS Chunchupally,
1782,33/11 KV SS Ramavaram,
1783,33/11 KV SS Sujathanagar,
1784,NMBC,15
1785,33/11 KV SS NMBC,
1786,Paloncha,15
1787,33/11 KV SS Paloncha,
1788,33/11 KV SS Ankampalem,
1789,33/11 KV SS Mulkalapally,
1790,Yanambile,15
1791,33/11 KV SS Yanambile,
1792,132/33 KV SS B. Gangaram,15
1793,Gangaram,15
1794,33/11 KV SS Gangaram (old),
1795,33/11 KV SS Pakalagudem,
1796,Mandalapally,15
1797,33/11 KV SS Dammapet,
1798,33/11 KV SS Naidupeta,
1799,Sathuapally,15
1800,33/11 KV SS Sathupally,
1801,33/11 KV SS Gowrigudem,
1802,132/33 KV SS Aswaraopeta,6
1803,Aswaraopeta,6
1804,33/11 KV SS Aswaraopeta,
1805,Dammapet,6
1806,33/11 KV SS Naramavarigudem,
1807,33/11 KV SS Malkaram,
1808,33/11 KV SS Ankampalem,
1809,33/11 KV SS Gandugulapally,
1810,33/11 KV SS Nagupally,
1811,Vinayakapuram,6
1812,33/11 KV SS Vinayakapuram,
1813,33/11 KV SS Gangaram B(New),
1814,132/33 KV SS Thallada,23
1815,Thallada,15
1816,33/11 KV SS  Thallada,
1817,33/11 KV SS  Kurnavelli,
1818,33/11 KV SS  Peddakorukonda,
1819,Enkur,15
1820,33/11 KV SS  Enkur,
1821,33/11 KV SS  Thimmaraopet,
"",,
"",Khammam district total:,211
"",,
ADILABAD DISTRICT,,
1822,132/33 KV SS Adilabad,30
1823,Adilabad,15
1824,33/11 KV SS Bhukthapur,
1825,33/11 KV SS Khanapur,
1826,Arli T,15
1827,33/11 KV SS Arli,
1828,33/11 KV SS Talamadugu,
1829,33/11 KV SS Thamsi,
1830,Bela,15
1831,33/11 KV SS Bela,
1832,33/11 KV SS Bhoraj,
1833,33/11 KV SS Jainath,
1834,Gudihathnoor,15
1835,33/11 KV SS Barampur,
1836,33/11 KV SS Gudihathnoor,
1837,33/11 KV SS Mavala,
1838,33/11 KV SS Sathnala,
1839,33/11 KV SS Seethagondi,
1840,Kailashnagar,15
1841,33/11 KV SS Dasnapur,
1842,33/11 KV SS Kailashnagar,
1843,Rampur,15
1844,33/11 KV SS GS. Nagar,
1845,33/11 KV SS Rampur,
1846,33/11 KV SS Rampur II( Ponnari),
1847,132/33 KV SS Mancherial,19
1848,Chennur (from MNCL),10
1849,33/11 KV SS Kundaram,
1850,Hazipur,15
1851,33/11 KV SS Gudipet,
1852,33/11 KV SS Hazipur,
1853,Jaipur,15
1854,33/11 KV SS Awadam,
1855,33/11 KV SS Naspur,
1856,33/11 KV SS RK 6,
1857,33/11 KV SS RK Pur (B Zone),
1858,Mancherial I,15
1859,33/11 KV SS Ramnagar,
1860,Mancherial II,15
1861,33/11 KV SS ACC,
1862,Salvailoddi,15
1863,33/11 KV SS Raligadpur,
1864,132/33 KV SS S.Kaghaznagar,12
1865,Dahegoan,12
1866,33/11 KV SS Dahegam,
1867,33/11 KV SS Elkapally,
1868,33/11 KV SS Jambuga,
1869,33/11 KV SS Kunchavelly,
1870,33/11 KV SS Nazrool nagar,
1871,Kowtala,12
1872,33/11 KV SS Bejjur,
1873,33/11 KV SS Kowtala,
1874,33/11 KV SS Ravindranagar,
1875,33/11 KV SS Rebbena (B),
1876,33/11 KV SS Sirpur (T),
1877,S.Kaghaznagar,12
1878,33/11 KV SS Kosini,
1879,33/11 KV SS S.Kaghaznagar Town,
1880,132/33 KV SS Bellampally,16.5
1881,Bellampally,15
1882,33/11 KV SS Bellampally Town,
1883,Ginnedhari,15
1884,33/11 KV SS Asifabad,
1885,33/11 KV SS Dhanora,
1886,33/11 KV SS Ginnedari,
1887,33/11 KV SS Ippalanavegaom,
1888,33/11 KV SS Kerameri,
1889,33/11 KV SS Wankidi,
1890,Kannepally,15
1891,33/11 KV SS Jankapur,
1892,33/11 KV SS Kannepally,
1893,33/11 KV SS Nennel,
1894,33/11 KV SS Rachni,
1895,33/11 KV SS Zear ZP Office,
1896,Kondapur,15
1897,33/11 KV SS Andugupet,
1898,33/11 KV SS Kondapur,
1899,Rebbena,15
1900,33/11 KV SS rebbena,
1901,33/11 KV SS Thandur,
1902,33/11 KV SS Thiryani,
1903,33/11 KV SS Vankulam,
1904,132/33 KV SS Luxettipet,15
1905,Jannaram,15
1906,33/11 KV SS Dandepally,
1907,33/11 KV SS Jannaram,
1908,33/11 KV SS Kawwal,
1909,33/11 KV SS Tapalpur,
1910,Luxettipet,15
1911,33/11 KV SS Luxettipet,
1912,33/11 KV SS Velganoor,
1913,33/11 KV SS Venkatraopet,
1914,Suraram,15
1915,33/11 KV SS Suraram,
1916,132/33 KV SS Bhainsa,30
1917,BHAINSA,15
1918,33/11 KV SS Bhainsa,
1919,Kallur,15
1920,33/11 KV SS Gollamada,
1921,33/11 KV SS Kallur,
1922,33/11 KV SS Kuntala,
1923,33/11 KV SS Vanalpad,
1924,Kubeer,15
1925,33/11 KV SS Kubeer,
1926,33/11 KV SS Pardi (B),
1927,33/11 KV SS Sonari,
1928,Lohesra,15
1929,33/11 KV SS Lohesra,
1930,33/11 KV SS Pipri,
1931,33/11 KV SS Manmad,
1932,Mudhole,15
1933,33/11 KV SS Degoan,
1934,Thanoor,15
1935,33/11 KV SS Beltharoda,
1936,33/11 KV SS Bhainsa II,
1937,33/11 KV SS Thanoor,
1938,132/33 KV SS Mudhole,15
1939,Basar,15
1940,33/11 KV SS Abdullapur,
1941,33/11 KV SS Basar,
1942,33/11 KV SS Bramangoan,
1943,33/11 KV SS Edbid,
1944,33/11 KV SS Mudhole,
1945,132/33 KV SS Echoda,15
1946,Bazarhathnoor,15
1947,33/11 KV SS Bazarhatnoor,
1948,Echoda,15
1949,33/11 KV SS Echoda,
1950,Neradigonda,15
1951,33/11 KV SS Neradigonda,
1952,33/11 KV SS Pochera,
1953,33/11 KV SS Sonala,
1954,Utnoor,15
1955,33/11 KV SS Dasnapur (I),
1956,33/11 KV SS Utnoor,
1957,33/11 KV SS Indervelly,
1958,33/11 KV SS Jainoor,
1959,33/11 KV SS Lokhari,
1960,33/11 KV SS Narnoor,
1961,33/11 KV SS Pulimadugu,
1962,33/11 KV SS Sirpur (U),
1963,132/33 KV SS Chennur,10
1964,Beemaram,10
1965,33/11 KV SS Bheemaram,
1966,Chennur,10
1967,33/11 KV SS Chennur,
1968,33/11 KV SS Kotapally,
1969,33/11 KV SS Neelwai,
1970,Kommera,10
1971,33/11 KV SS Devullawada,
1972,33/11 KV SS Kommera,
"",Adilabad district total:,162
"",,
"",,
"",,
"",,
"",,
